year,n,k,occ,words,rate,lo,hi,per_100k_words
1789,12,0,0,24039,0.0,0.0,0.2425007574992425,0.0
1790,10,0,0,13175,0.0,-2.0052288475052677e-17,0.2775401687666165,0.0
1791,4,0,0,3946,0.0,0.0,0.48990002040399916,0.0
1792,12,0,0,20253,0.0,0.0,0.2425007574992425,0.0
1793,14,0,0,35165,0.0,0.0,0.21531701192718142,0.0
1794,5,0,0,4591,0.0,-3.139202815737979e-17,0.43449149475208104,0.0
1795,19,1,1,55603,0.05263157894736842,0.00935175249052995,0.24639215336545212,1.7984641116486522
1796,19,0,0,56492,0.0,0.0,0.16818436536845052,0.0
1797,16,0,0,28111,0.0,0.0,0.19361341827271994,0.0
1798,10,0,0,26811,0.0,-2.0052288475052677e-17,0.2775401687666165,0.0
1799,18,1,1,20726,0.05555555555555555,0.009874935830924522,0.2575779980200754,4.824857666698833
1800,21,0,0,27476,0.0,0.0,0.15464382326420195,0.0
1801,8,0,0,23050,0.0,0.0,0.3244156195108769,0.0
1802,5,0,0,6859,0.0,-3.139202815737979e-17,0.43449149475208104,0.0
1803,22,1,1,33104,0.045454545454545456,0.008069219301147859,0.21798489499518056,3.0207829869502176
1804,29,0,0,62560,0.0,0.0,0.11697359446555587,0.0
1805,36,2,2,108228,0.05555555555555555,0.015369663767066846,0.18144974107611211,1.84795062275936
1806,44,2,3,71556,0.045454545454545456,0.012554846366981074,0.15135271525303162,4.192520543350663
1807,19,2,4,47908,0.10526315789473684,0.029357941395096582,0.31394550494841694,8.349336227769893
1808,36,2,2,73614,0.05555555555555555,0.015369663767066846,0.18144974107611211,2.7168745075664953
1809,39,4,4,66176,0.10256410256410256,0.040612655582869875,0.23579158702244832,6.044487427466151
1810,37,2,2,52333,0.05405405405405406,0.014950662770539937,0.17704965063539913,3.8216803928687444
1812,37,4,5,60211,0.10810810810810811,0.04285120520506268,0.24708846415167166,8.304130474498015
1813,50,3,3,81172,0.06,0.02061459636463048,0.16217343370877002,3.695855713792933
1814,61,1,1,157336,0.01639344262295082,0.0028996561143639805,0.08719065627768062,0.6355824477551227
1815,42,0,0,98051,0.0,0.0,0.08380161250916197,0.0
1816,42,1,1,100092,0.023809523809523808,0.004215295499100293,0.12321481165248255,0.9990808456220278
1817,43,4,4,81719,0.09302325581395349,0.036771045103346514,0.21602988398532677,4.894822501499039
1818,58,6,6,153809,0.10344827586206896,0.048280750158591554,0.20788338531008968,3.900942077511719
1819,54,2,4,173694,0.037037037037037035,0.010216153585413053,0.12535409343403314,2.30290050318376
1820,45,4,4,140740,0.08888888888888889,0.035110548134203154,0.207338511683657,2.8421202216853776
1821,35,1,1,81891,0.02857142857142857,0.005061361365853357,0.14533409093271313,1.2211354117058042
1822,34,4,4,79892,0.11764705882352941,0.04671370973436122,0.26621174796298774,5.006759124818505
1823,37,1,1,132771,0.02702702702702703,0.00478685105490773,0.13824378437563367,0.7531765219814568
1824,78,10,10,335241,0.1282051282051282,0.0711524611999346,0.22016149160646212,2.9829286990553063
1825,29,3,3,87904,0.10344827586206896,0.03581424038130106,0.26385447247069155,3.412813978886058
1826,30,1,3,87285,0.03333333333333333,0.005908437994857381,0.16670751396958874,3.4370166695308475
1827,55,5,7,249720,0.09090909090909091,0.039457573336373924,0.19577736249133978,2.8031395162582093
1828,64,6,6,204955,0.09375,0.04367765783128785,0.1898309858327767,2.9274718840721135
1829,50,6,6,149466,0.12,0.05617523710624645,0.23805078886623582,4.01429087551684
1830,67,4,7,288936,0.05970149253731343,0.023458971433043544,0.14369704988776227,2.4226818395769305
1831,57,8,10,252344,0.14035087719298245,0.07287189227128286,0.25324707895892806,3.9628443711758554
1832,61,2,2,229536,0.03278688524590164,0.009037700815687872,0.1118970077664569,0.8713230168688136
1833,44,1,1,116916,0.022727272727272728,0.00402314838563701,0.11807979131537633,0.8553149269561053
1834,64,4,4,146433,0.0625,0.024570803674792932,0.14997696642496885,2.731624702082181
1835,48,8,9,191890,0.16666666666666666,0.08695410039453222,0.29578100037396254,4.690187086351555
1836,77,12,13,267170,0.15584415584415584,0.09145782358403826,0.25293912056352935,4.865815772728974
1837,30,5,5,246538,0.16666666666666666,0.07336434240351682,0.3356470518568018,2.028084919971769
1838,52,8,9,215126,0.15384615384615385,0.08007589590882648,0.2752434359154765,4.183594730530015
1839,64,0,0,191708,0.0,0.0,0.056626022971156334,0.0
1840,56,3,5,251077,0.05357142857142857,0.01838544792866792,0.14607539536429218,1.9914209585107359
1841,47,3,3,88001,0.06382978723404255,0.021944987020772803,0.17162877934377904,3.409052169861706
1842,76,4,4,207028,0.05263157894736842,0.020655095015801955,0.1276585660330748,1.9321058021137238
1843,49,0,0,117910,0.0,0.0,0.07270029673590504,0.0
1844,66,4,4,204400,0.06060606060606061,0.023818229304678567,0.14573115100734177,1.9569471624266146
1845,71,5,5,229747,0.07042253521126761,0.030453153406264533,0.1544921176729214,2.176306981157534
1846,63,4,4,188091,0.06349206349206349,0.024965213900485027,0.15219392053076733,2.126630194958823
1847,63,7,10,228639,0.1111111111111111,0.05487478965589833,0.21204880283739927,4.373707022861367
1848,43,2,2,153008,0.046511627906976744,0.01284899031731969,0.15455775923863058,1.3071211962773188
1849,54,5,5,357681,0.09259259259259259,0.040200542070567336,0.1991012753065453,1.3978936538423903
1850,108,7,7,316971,0.06481481481481481,0.031747786442789375,0.12777782835528215,2.208403923387313
1851,108,2,2,326570,0.018518518518518517,0.005093117606642764,0.06502032855292575,0.6124261260985394
1852,107,4,5,395464,0.037383177570093455,0.01463166252834276,0.09220187289518052,1.2643375882507637
1853,79,4,4,265719,0.05063291139240506,0.019863721314733046,0.12307895482865383,1.5053496362698942
1854,112,1,1,377980,0.008928571428571428,0.0015778140883850752,0.04884966619503642,0.2645642626594
1855,100,10,11,269273,0.1,0.05522854161313613,0.1743673043676654,4.085073512754714
1856,133,9,9,347302,0.06766917293233082,0.0360059783846149,0.12360630326073269,2.5914045988793615
1857,83,2,2,364063,0.024096385542168676,0.00663302707979022,0.0836647104100764,0.549355468696352
1858,95,4,4,259462,0.042105263157894736,0.016493505976432808,0.10331030132737451,1.541651571328364
1859,93,6,6,199457,0.06451612903225806,0.029901024142029803,0.1336815684628012,3.0081671738770766
1860,120,2,2,247848,0.016666666666666666,0.004582468541151392,0.058737126812913806,0.8069461928278623
1861,80,0,0,208364,0.0,-3.310477807631166e-18,0.0458197362645751,0.0
1862,82,1,1,173633,0.012195121951219513,0.00215593657096515,0.06589498512667329,0.5759273870750375
1863,130,13,15,379087,0.1,0.05937492270353047,0.16358714589098722,3.9568753346857055
1864,84,10,10,161048,0.11904761904761904,0.065964782536511,0.20545103866893152,6.209328895732949
1865,76,6,10,155381,0.07894736842105263,0.03668350552145427,0.1617293519363121,6.435793308062118
1866,172,11,11,315522,0.06395348837209303,0.03608213881071923,0.11087739749923245,3.486286217759776
1867,141,12,13,284471,0.0851063829787234,0.049353257767916575,0.1428677616077324,4.569885858312446
1868,97,2,3,171834,0.020618556701030927,0.005672566204243077,0.07208899251755425,1.7458710150494081
1869,191,12,12,398405,0.06282722513089005,0.036301274070075565,0.10659223532422213,3.0120103914358505
1870,175,10,11,307617,0.05714285714285714,0.031331313479795224,0.10197995190812348,3.5758751954540875
1871,254,20,21,571370,0.07874015748031496,0.05154754223721647,0.11848553233259693,3.675376726114427
1872,200,11,13,357859,0.055,0.0309850208013701,0.0957879244659355,3.6327156785214285
1873,264,13,13,550021,0.04924242424242424,0.028999993062839992,0.08241511198432219,2.363546119148178
1874,284,28,28,574744,0.09859154929577464,0.06909490466029161,0.13880277239542238,4.871734198182147
1875,242,9,9,489731,0.0371900826446281,0.019686831656322176,0.06915736720993967,1.8377435775966806
1876,301,16,17,678944,0.053156146179401995,0.03298080108630864,0.08459370318082551,2.503888391384267
1877,291,13,13,571821,0.044673539518900345,0.02629029841199849,0.07492201355483387,2.2734387159618135
1878,279,18,23,651427,0.06451612903225806,0.04119534661707669,0.09966653508632195,3.530710271450216
1879,239,18,22,593845,0.07531380753138076,0.048167318824576054,0.11589682833966598,3.704670410629036
1880,251,18,18,635868,0.07171314741035857,0.045839865914961496,0.11049881662352519,2.8307761988337203
1881,238,20,22,509038,0.08403361344537816,0.05505544701477723,0.12622684685029809,4.321877738007771
1882,274,23,24,625974,0.08394160583941605,0.05658394132369152,0.12280460236451068,3.8340250553537367
1883,291,22,22,778367,0.07560137457044673,0.05045293501389395,0.11180910670613471,2.826430205802661
1884,309,21,25,811962,0.06796116504854369,0.0448768198088618,0.10165612210167696,3.0789618233365603
1885,295,14,15,718914,0.04745762711864407,0.028476730310615404,0.07807336177830394,2.086480441332343
1886,312,21,27,826240,0.0673076923076923,0.04444116525852003,0.10069994344913596,3.2678156467854373
1887,310,27,29,849567,0.08709677419354839,0.06054708947219223,0.12375480039836668,3.4135035847672994
1888,311,19,22,870258,0.06109324758842444,0.03945643309107251,0.09344087145826277,2.5279859535907745
1889,262,18,19,638971,0.06870229007633588,0.043895610881012424,0.1059740859610168,2.97353088011819
1890,300,19,21,1003479,0.06333333333333334,0.04091655604878176,0.09679203948257406,2.0927194291061397
1891,365,20,20,983271,0.0547945205479452,0.03574747162361154,0.08311547659047275,2.0340272417268483
1892,593,36,41,1578196,0.06070826306913996,0.04417023079415038,0.08290134062446386,2.597902922070516
1893,893,49,50,2109241,0.054871220604703244,0.04175200237331737,0.07180383624969029,2.3705209599092756
1894,915,54,57,2284167,0.05901639344262295,0.04551149217017535,0.07620872598276854,2.495439256411637
1895,1052,78,90,2777277,0.0741444866920152,0.059814131301385104,0.09157372839272053,3.240584212521833
1896,968,57,70,2556910,0.058884297520661155,0.04572501820432664,0.0755309560202795,2.7376794646663356
1897,949,65,74,2492501,0.0684931506849315,0.054100343412738276,0.0863653961183653,2.968905529024863
1898,933,65,80,2522529,0.06966773847802786,0.0550344913690565,0.08783021489505473,3.171420427673973
1899,985,64,73,2650325,0.0649746192893401,0.051208982351116754,0.08212035978012046,2.7543791799118975
1900,1038,71,75,2754213,0.06840077071290944,0.05458129952955413,0.08540312804561657,2.723100936637798
1901,1037,60,67,2628906,0.05785920925747348,0.04521322508622301,0.0737689524132159,2.548588652466083
1902,1021,84,102,2542249,0.08227228207639568,0.06694210476758784,0.10073414881150183,4.0121955009127745
1903,1073,72,78,2519242,0.06710158434296365,0.05362245694491582,0.08366941588020536,3.0961694033364004
1904,1071,69,75,2532913,0.06442577030812324,0.051222706067064964,0.08074241325842448,2.9610176109483426
1905,1146,76,82,2583479,0.06631762652705062,0.05331069993776308,0.0822224030565972,3.1740145749200983
1906,1160,75,86,2735115,0.06465517241379311,0.05189074803606537,0.0802935629560834,3.1442919219118757
1907,1048,58,67,2330452,0.05534351145038168,0.043054217144311326,0.07088080881396985,2.8749787594852845
1908,1264,88,104,2793887,0.06962025316455696,0.05685429094534657,0.08499434377369089,3.7224125385171267
1909,1268,66,71,2806786,0.052050473186119876,0.041120755455618635,0.06568625573193805,2.5295836590320744
1910,1229,83,92,2805572,0.06753458096013018,0.0548093106252924,0.08295502179178371,3.279188700200886
1911,1221,69,80,2498827,0.056511056511056514,0.04489585550185968,0.07090817989341103,3.201502144806343
1912,1366,70,95,2745123,0.05124450951683748,0.04075863865034784,0.06424737080359195,3.4606828182198024
1913,1395,60,70,2865032,0.043010752688172046,0.0335599809675565,0.05497155827176837,2.4432536879169238
1914,1364,81,86,2792398,0.0593841642228739,0.04803560164073065,0.07320767682075202,3.0797902018265306
1915,1639,89,97,3225264,0.05430140329469189,0.044335946468763855,0.06635129203310998,3.0075057421656024
1916,1575,78,86,3110467,0.049523809523809526,0.039861926401633836,0.061377868648103906,2.7648581386653515
1917,1519,87,97,3014907,0.05727452271231073,0.04666721008484726,0.07011552030549668,3.217346339372989
1918,1415,89,92,2494974,0.06289752650176679,0.05139289819385476,0.0767691179184442,3.6874131754479205
1919,1416,76,82,2667016,0.05367231638418079,0.04309506967026883,0.06666477959742413,3.0745972277631632
1920,1281,53,56,2522325,0.04137392661982826,0.031769410606219524,0.053720972021491155,2.2201738475414547
1921,1402,63,73,2653704,0.0449358059914408,0.03527885152994173,0.05707977550172386,2.7508719887372517
1922,1495,67,75,2727357,0.044816053511705686,0.03544331463534406,0.056522107194421,2.7499150276256463
1923,1599,66,71,2827619,0.04127579737335835,0.03257458033820592,0.052175902803733985,2.510946488901086
1924,1792,79,83,3203442,0.04408482142857143,0.035515548994621185,0.05460464868873797,2.5909630953205958
1925,1959,88,93,3399821,0.04492087799897907,0.03660494573368266,0.05501813786104043,2.7354381304192192
1926,2003,109,123,3772031,0.054418372441337994,0.04530994192906722,0.06523271375437088,3.260842766138454
1927,1840,89,95,3395634,0.0483695652173913,0.039472451853870875,0.059148601060869735,2.7977102361444137
1928,1890,97,104,3460789,0.051322751322751325,0.04225330371647915,0.06221245519387533,3.005095080919409
1929,1901,122,132,3436072,0.06417674907943188,0.054015088947888444,0.07609630719129712,3.841595868771085
1930,2009,115,125,3819537,0.057242409158785465,0.04790361692456358,0.0682712475059013,3.272647967541616
1931,2234,133,146,4360516,0.05953446732318711,0.05045761973350411,0.07012356885464262,3.3482275950827836
1932,2186,137,153,4583539,0.0626715462031107,0.053258280438016135,0.07361920695650594,3.338032031580837
1933,2357,154,172,4768111,0.06533729316928298,0.056051003217820625,0.07603816362844298,3.6072985716985198
1934,2257,157,171,4760242,0.06956136464333186,0.059780344328059974,0.08080517922210827,3.5922543433716183
1935,2257,136,167,4758335,0.06025697828976517,0.05116666570816117,0.07084170497999319,3.5096309948753084
1936,2177,163,182,4694473,0.07487367937528709,0.06455108929782775,0.0866940080077262,3.8768994943628394
1937,2246,179,202,4921959,0.07969723953695458,0.06920096383737136,0.09162884747023355,4.104056941555181
1938,2308,240,270,5129307,0.10398613518197573,0.09218389013781086,0.11710449709425556,5.263868978791872
1939,2336,187,215,5603992,0.0800513698630137,0.06972339961978416,0.09175830067992843,3.836550801642829
1940,2549,226,272,5740191,0.08866222047861906,0.07823696299879733,0.10032546719663664,4.738518282754006
1941,2448,199,227,5932042,0.08129084967320262,0.07110969604964634,0.09278408893222197,3.826675536012725
1942,2592,224,253,6131037,0.08641975308641975,0.07620521632649863,0.09785840912738114,4.126544987414038
1943,2323,216,261,5435136,0.09298321136461472,0.08183605902652309,0.10547432772262219,4.802087749046206
1944,2361,199,223,5374896,0.084286319356205,0.07374398241105712,0.09617928010259284,4.148917486031357
1945,2177,206,232,5189407,0.09462563160312357,0.08303432920325865,0.10764508556946029,4.470645682637727
1946,2047,217,252,4740012,0.10600879335613092,0.0934026026460542,0.12009101870432216,5.316442236855096
1947,2078,216,262,5065277,0.1039461020211742,0.0915465598185458,0.11780731225318146,5.172471317955563
1948,2127,218,279,5309256,0.10249177244945933,0.09031062205917027,0.1161062228156435,5.254973578218869
1949,2249,211,247,5270223,0.0938194753223655,0.08245169662864926,0.10657251173113955,4.686708702838571
1950,2344,212,236,5302342,0.09044368600682594,0.07949266948638603,0.10273495609108052,4.450863410922947
1951,2297,228,257,5258100,0.09925990422289943,0.08769271341162097,0.11216528637419655,4.887697076890892
1952,2616,234,258,5703298,0.08944954128440367,0.0791065060202365,0.10099659639633707,4.523698393455857
1953,2620,253,310,5780713,0.09656488549618321,0.08583839368775718,0.10847272631277943,5.362660280833869
1954,2687,234,274,5867901,0.08708596948269445,0.07700545821818876,0.09834548031345874,4.669472099137324
1955,3351,297,358,7523451,0.08863025962399283,0.0794723710185367,0.09873026006842726,4.758454597497877
1956,3712,406,480,8273373,0.109375,0.09973533981372029,0.11982235069709159,5.801744947314717
1957,3707,402,465,8676941,0.1084434852980847,0.09883611562367245,0.11886156244482823,5.3590314835608535
1958,3986,433,523,8616574,0.10863020572002006,0.09934401194330819,0.11867005658512661,6.06969777083096
1959,3657,409,472,8333882,0.11184030626196335,0.10202987254358319,0.12246539105919055,5.66362710679129
1960,3794,452,562,9013649,0.1191354770690564,0.10921055190076272,0.12983090785890705,6.234988737635557
1961,3806,444,542,9248372,0.11665790856542302,0.10684360033007029,0.12724529197453366,5.8604909058588905
1962,4269,501,606,10360860,0.11735769501054111,0.10804517720666575,0.1273582601685929,5.848935320041
1963,4293,542,672,10527526,0.12625203820172373,0.11664955221875943,0.13652282444041272,6.3832661158946555
1964,4415,559,695,10400757,0.12661381653454135,0.11712810060221707,0.1367487525531438,6.6822059202036925
1965,4563,566,666,10569120,0.12404120096427788,0.11479189511383486,0.13392301542740218,6.3013760842908395
1966,5005,606,731,11729247,0.12107892107892108,0.11233052246024018,0.13040855717046723,6.232284135545957
1967,5222,726,917,12280993,0.1390271926464956,0.1299083714122807,0.14867672768448492,7.466822918961032
1968,5453,793,1040,12643808,0.14542453695213645,0.1363172126140047,0.1550311013997281,8.225370078381449
1969,6473,939,1209,15094584,0.14506411246717132,0.1366953323931407,0.1538539377943532,8.009495326270669
1970,7521,1106,1402,16433122,0.14705491291051723,0.1392309023241163,0.15523929622464788,8.531549878349349
1971,7970,1132,1439,17775423,0.14203262233375158,0.1345409728666743,0.14986919148873507,8.09544729259045
1972,7739,1196,1510,18922004,0.15454193048197443,0.14666003657250504,0.1627666214647716,7.980127263475898
1973,6885,1233,1626,19372888,0.17908496732026144,0.17020771796377415,0.18832013670485404,8.393172974519855
1974,6972,1376,1801,20561492,0.19736087205966724,0.18818601474146468,0.20686905646313378,8.75909199585322
1975,6819,1466,2005,21642015,0.21498753482915384,0.20539862687629878,0.2248973952385925,9.264386888189478
1976,6876,1482,2044,21977398,0.21553228621291448,0.20597331473959943,0.22540894266586176,9.300464049474828
1977,7340,1776,2524,24724124,0.24196185286103541,0.23230070177023995,0.25189296602346634,10.208652893020597
1978,7683,1912,2702,26359360,0.24886112195756865,0.23932039653258305,0.2586528672848995,10.250628239835867
1979,7459,1908,2746,26046233,0.25579836439200965,0.24602411680322697,0.2658240242587513,10.542791351056408
1980,8912,2286,3325,31859250,0.25650807899461403,0.2475474749938503,0.2656785114346211,10.436529422381254
1981,9403,2572,3849,34649869,0.2735297245559928,0.2646133846174333,0.28263103799514694,11.108267104848219
1982,9406,2609,3895,33951281,0.2773761428875186,0.26842059343929014,0.2865134662371235,11.472321176924074
1983,10300,2688,3904,37341897,0.26097087378640776,0.252579768619919,0.2695402142804392,10.454744706729816
1984,10483,2834,4162,37690209,0.270342459219689,0.2619255566488659,0.2789276207272471,11.042655666886857
1985,12281,2924,4087,41008240,0.23809136063838449,0.2306410901482548,0.24570543433603326,9.96628970177701
1986,13388,3038,4306,39809241,0.2269196295189722,0.21990364602546922,0.23409228534815157,10.816584018770918
1987,13111,2882,4182,40705177,0.21981542216459463,0.2128093679741594,0.22698561971368278,10.273877448070058
1988,12318,2946,4223,41029561,0.23916220165611302,0.23171107995042042,0.24677596698581028,10.292579050504585
1989,12004,2756,4105,40627235,0.2295901366211263,0.22215366839842576,0.23719962620199603,10.10405950589549
1990,13662,3116,4527,42735981,0.2280778802517933,0.2211188708102685,0.2351897695591618,10.592947427602049
1991,13537,2981,4172,42855355,0.22021127280785993,0.2133104227165943,0.22727087763625817,9.735072781452866
1992,17479,3626,5014,49425914,0.20744893872647177,0.2015022585038282,0.21352418662509187,10.144476033361771
1993,17398,3770,5244,50557732,0.21669157374410852,0.2106324657357782,0.2228757670940161,10.372300719502212
1994,17737,3767,5411,52306713,0.21238089868636184,0.2064244053394483,0.21846195405400917,10.344752498594206
1995,18559,3613,5065,50962343,0.19467643730804463,0.1890431983514286,0.20043605034290923,9.938711020409716
1996,16497,3721,5400,51383133,0.2255561617263745,0.2192426046076541,0.23199750668460872,10.509285216220661
1997,17407,3758,5548,51171342,0.21589015913138393,0.2098409790982366,0.2220647135019419,10.842006058781886
1998,15621,3517,5006,50121252,0.2251456372831445,0.21866363830698413,0.2317627903359789,9.987779235841915
1999,13183,3338,4953,47491212,0.25320488507926875,0.24585440773606668,0.26069915547652245,10.429297950955641
2000,14016,3244,4625,48865087,0.2314497716894977,0.22454146525944302,0.2385052499045856,9.464835292322308
2001,19920,4049,5799,54626106,0.20326305220883534,0.19773197654682925,0.2089085580777785,10.615803366983544
2002,21298,3882,5484,54259436,0.1822706357404451,0.17714307383048436,0.1875127970497122,10.10699779481674
2003,20511,3804,5276,54912537,0.18546145970454878,0.18020134435123397,0.19083937574869603,9.608006273685733
2004,20890,3885,5485,57049578,0.18597415031115366,0.1807557236020553,0.19130805235765141,9.614444474944232
2005,21803,4146,6083,58136380,0.1901573178003027,0.18500306878175596,0.1954207336271174,10.463327782018762
2006,23003,4145,5981,58901454,0.18019388775377124,0.1752804694965353,0.18521410616916578,10.154248484256433
2007,23003,4170,6036,60246197,0.181280702517063,0.17635545350813497,0.18631238873927722,10.018889657051714
2008,21917,4281,6149,59602908,0.19532782771364693,0.1901326452023728,0.20062979705714334,10.316610726443079
2009,22778,4112,6089,57809806,0.1805250680481166,0.17558407744877827,0.1855738019036969,10.53281514212312
2010,12989,3059,4677,46807017,0.2355069674339826,0.22828861975440864,0.2428817206890553,9.992091570372878
2011,12434,3030,4706,44619013,0.2436866655943381,0.2362205712060389,0.2513110918439231,10.54707328465558
2012,16360,3114,4617,46171696,0.19034229828850857,0.18439960753562576,0.19643038045448039,9.9996326753949
2013,13956,2905,4321,42629695,0.2081541989108627,0.20149917058699893,0.2149698529583685,10.136126941560338
2014,12478,2946,4470,42317519,0.23609552812950793,0.2287258991083238,0.24362760359916136,10.563001105995841
2015,12962,2930,4398,40609478,0.22604536336985034,0.21892642670421367,0.23332663799464864,10.82998407416121
2016,10481,2573,3982,37292489,0.24549184238145216,0.23734649228051227,0.25382369382892783,10.677753367440827
2017,13229,2692,4017,39810003,0.20349232746239324,0.19671827031224226,0.2104385417212367,10.090428779922473
2018,12528,2719,3987,42978062,0.2170338441890166,0.2099026143286116,0.22433855897188718,9.276825930401422
2019,17429,3248,4642,43400679,0.18635607321131448,0.18064433570019692,0.1922060434370747,10.695685198842165
2020,18973,3518,4966,43165056,0.18542138828862068,0.17995514439204843,0.19101499639260144,11.50467637526058
2021,10883,2348,3526,31279491,0.21574933382339428,0.20812204962103034,0.22357722301282518,11.272561948018911
2022,5484,1467,2485,23353305,0.2675054704595186,0.2559552860641304,0.2793811565912116,10.640892156377866
2023,5964,1496,2381,22634509,0.25083836351441985,0.23999911624116713,0.26199838985886076,10.519335762927307
2024,5810,1620,2766,25009612,0.27882960413080893,0.26744791116502115,0.29050358169986873,11.059747748185778
2025,5367,1791,3094,27007748,0.33370598099496923,0.321213355661303,0.34643649645870744,11.455971819642274
2026,1866,652,1101,10363365,0.34941050375133975,0.32810666122876847,0.371333120194428,10.623962390594174
