group,item_id,stratum,court,year,gold,lexical,issue,passage
dictionary misled,585779-0,H1,ca1,1992,DECIDED,UNRESOLVED,for appeal; b) the Fund waived its challenge to venue; and c) the district of New Hampshire was the proper venue. 3,"e 10 In a prior order entered on April 30, 1991, the district court denied the Fund's motion to dismiss for improper venue. On appeal the Fund also challenges the propriety of that order. MKF on the other hand claims that a) the Fund failed to properly p [[reserve the issue]] for appeal; b) the Fund waived its challenge to venue; and c) the district of New Hampshire was the proper venue. 3 11 MKF filed its complaint on July 6, 1990. The complaint was served by mail and received by the Fund on July 11, 1990. In the interim alleged consultations had begun betwee"
dictionary misled,2708641-0,PLAIN,ca7,2014,DECIDED,UNRESOLVED,whether he may proceed directly under § 1981,"981 that could not have occurred before the Civil Rights Act of 1991 amended that statute. Thus, one might argue that § 1658’s four‐year statute of limitations should apply regardless. However, Campbell has disavowed any reliance on § 1983; therefore, we [[express no opinion]] on that issue, and we turn to whether he may proceed directly under § 1981. The statute now codified at 42 U.S.C. § 1981 evolved from § 1 of the Civil Rights Act of 1866. Jones, 541 U.S. at 372. “It was amended in minor respects in 1870 and recodified in 1874, but its basic coverage did not c"
dictionary misled,1550847-0,PLAIN,ca4,1940,DECIDED,UNRESOLVED,whether the applicability of § 203(b) (3) upon which the Commissioner now relies,"h. It should be noticed first that the principle of res adjudicata may not be invoked because the parties before the court at this time are not the same as those who were in the former case. Moreover, our prior decision was limited to a single point, and we [[expressed no opinion]] as to the applicability of § 203(b) (3) upon which the Commissioner now relies. In the former case the argument of the parties was directed and limited to § 203 (b) (4) and § 204(a) (8). § 203(b) (4) is as follows: ""No gain or loss shall be recognized if property is transferred to a corporation by"
dictionary misled,286579-1,H2,ca1,1969,DECIDED,UNRESOLVED,"whether it was error to submit 'specific questions of fact' to be answered by a jury in a criminal case, held that the court's submission in that particular instance over the defendants' objection had","S.Ct. 874, 91 L.Ed. 1145; Cramer v. United States, 1945, 325 U.S. 1, 36 n. 45, 65 S.Ct. 918, 89 L.Ed. 1441 41A Since the release of this opinion our attention has been called to the case of Commonwealth v. Bartholomew, 1950, 326 Mass. 218. There the court, [[without deciding]] whether it was error to submit 'specific questions of fact' to be answered by a jury in a criminal case, held that the court's submission in that particular instance over the defendants' objection had not been prejudicial. In passing we will say that this was a finding more easily reached there tha"
dictionary misled,526162-0,PLAIN,ca10,1989,DECIDED,UNRESOLVED,in the state courts by compliance with a state procedural rule for contemporaneous objections to jury instructions,"the claims relating to references to mug shots and “object focus” were preserved by Nieto. The Engle case is inapposite. There the issue was whether the petitioners could proceed with their federal habeas proceeding when they failed to raise and p [[reserve their constitutional issue]] in the state courts by compliance with a state procedural rule for contemporaneous objections to jury instructions. Id. at 124-125, 102 S.Ct. at 1570. Here the State relies on Engle to argue that Nieto failed to preserve the issues for federal habeas review by failing to assert contempo"
dictionary misled,6496267-0,H2,ca10,2022,DECIDED,UNRESOLVED,"for appeal, a party must “alert[] the district court","and underdeveloped terms—especially compared to its briefing on its lost profits damages and unjust enrichment theories. Providing generic and underdeveloped theories before us in written briefing does not preserve such theories and argumentation. To p [[reserve an issue]] for appeal, a party must “alert[] the district court to the issue and seek[] a ruling”—“[a] party does not preserve an issue merely by . . . presenting [it] to the district court in a ‘vague and ambiguous’ manner,” or “by making a ‘fleeting contention’ before the district court.” U.S. Aviatio"
dictionary misled,4283538-0,H1,ca11,2018,DECIDED,UNRESOLVED,"the claimant’s] third argument, that the ALJ should not have relied on the testimony of a vocational expert, because he did not raise it before the administrative agency or the district court","orm light work. 1 1 Adderly has waived his argument that the ALJ should not have relied on a vocational expert’s testimony because he did not properly raise that argument in the district court. See Kelley v. Apfel, 185 F.3d 1211, 1215 (11th Cir. 1999) (“We [[do not reach]] [the claimant’s] third argument, that the ALJ should not have relied on the testimony of a vocational expert, because he did not raise it before the administrative agency or the district court.”); In re Pan Am. World Airways, Inc., Maternity Leave Practices & Flight Attendant Weight Program Litig.,"
dictionary misled,9960726-0,H1,ca4,2024,DECIDED,UNRESOLVED,"in a magistrate judge’s report, a party must object to the finding","filed timely objections to the magistrate judge’s recommendation, his objections were not specific to the particularized legal recommendations made by the magistrate judge, so appellate review is foreclosed. See Martin, 858 F.3d at 245 (holding that, “to p [[reserve for appeal an issue]] in a magistrate judge’s report, a party must object to the finding or recommendation on that issue with sufficient specificity so as reasonably to alert the district court of the true ground for the objection” (internal quotation marks omitted)). Accordingly, we affirm the judgment of the dis"
dictionary misled,4675313-0,H2,ca11,2021,DECIDED,UNRESOLVED,whether Winn-Dixie’s website is a public,"nch trial, the district court entered judgment in favor of Gil, finding that Winn-Dixie had violated Gil’s rights under Title III of the ADA. Gil v. Winn-Dixie Stores, Inc., 257 F. Supp. 3d 1340 (S.D. Fla. 2017). Specifically, the court noted again that it [[need not decide]] whether Winn-Dixie’s website is a public accommodation “in and of itself,” because the website is “heavily integrated” with Winn-Dixie’s physical stores—so much so that it “operates as a gateway to the 5 All of Gil’s pleadings leading up to trial focused solely on his inability to access the pr"
dictionary misled,542283-1,H1,cadc,1990,DECIDED,UNRESOLVED,"whether the district court abused its discretion in ruling that Matarazzo’s grand jury testimony could not be admitted into evidence, once the court had ruled that Matarazzo had a valid privilege not ","68 request in terms that were adequate to alert the district judge to the legal basis for their proposed admission. Cf. United States v. Pugliese, 712 F.2d 1574, 1580 (2d Cir.1983); Fed.R.Crim.P. 51. That was all that was necessary for appellants to p [[reserve for appeal the issue]] whether the district court abused its discretion in ruling that Matarazzo’s grand jury testimony could not be admitted into evidence, once the court had ruled that Matarazzo had a valid privilege not to testify at trial. Particularly in light of the prosecutor’s contemptuous objection to counsel’s"
dictionary misled,391083-1,H2,ca5,1981,DECIDED,UNRESOLVED,"of creditor liability, that claim, along with the claim of assignee liability, was necessarily submitted for judgment on the facts as they were then established","dgment for the Bank. 6 Plaintiffs argue that summary judgment was sought on a distinct theory of liability, that of assignee liability, reserving by implication the issue of the Bank's liability as an original creditor. The Bank argues that, by not explicitly [[reserving the issue]] of creditor liability, that claim, along with the claim of assignee liability, was necessarily submitted for judgment on the facts as they were then established. Both parties look to the letter in support of their position, although both sides find it necessary to add words to the letter in order t"
context fixed it,c281160-0,CTRL_HOLD,ca2,1968,DECIDED,DECIDED,"whether Hammond would not be ""in custody"" even if he were on active military duty","how the interests of justice would be served or the question before us would be meaningfully different had Hammond first reported for active duty and then applied for the writ. Indeed, we can only understand the government's position on the assumption — which [[we reject]] — that Hammond would not be ""in custody"" even if he were on active military duty. Nor do we discern any distinguishing features because Hammond originally enlisted in the reserve. This factor has little meaningful relevance in considering whether a petitioner is in custody. See Jones v. Cunningham,"
context fixed it,r3048863-0,CTRL_RAND,ca11,2011,DECIDED,DECIDED,t]he weight of the evidence against petitioner,"urt of the United States that the Supreme Court of Georgia contravened or applied unreasonably when it determined that Greene was not prejudiced by the prosecutor’s comments that placed jurors in a victim’s position. The Supreme Court of Georgia evaluated [[whether]] “[t]he weight of the evidence against petitioner . . . reduced the likelihood that the jury’s decision was influenced by [improper] argument,” Darden, 477 U.S. at 182, 106 S. Ct. at 2472, and concluded that “the overwhelming evidence of Greene’s guilt,” including his videotaped confession, 26"
context fixed it,585779-0,H1,ca1,1992,DECIDED,UNRESOLVED,for appeal; b) the Fund waived its challenge to venue; and c) the district of New Hampshire was the proper venue. 3,"e 10 In a prior order entered on April 30, 1991, the district court denied the Fund's motion to dismiss for improper venue. On appeal the Fund also challenges the propriety of that order. MKF on the other hand claims that a) the Fund failed to properly p [[reserve the issue]] for appeal; b) the Fund waived its challenge to venue; and c) the district of New Hampshire was the proper venue. 3 11 MKF filed its complaint on July 6, 1990. The complaint was served by mail and received by the Fund on July 11, 1990. In the interim alleged consultations had begun betwee"
context fixed it,2708641-0,PLAIN,ca7,2014,DECIDED,UNRESOLVED,whether he may proceed directly under § 1981,"981 that could not have occurred before the Civil Rights Act of 1991 amended that statute. Thus, one might argue that § 1658’s four‐year statute of limitations should apply regardless. However, Campbell has disavowed any reliance on § 1983; therefore, we [[express no opinion]] on that issue, and we turn to whether he may proceed directly under § 1981. The statute now codified at 42 U.S.C. § 1981 evolved from § 1 of the Civil Rights Act of 1866. Jones, 541 U.S. at 372. “It was amended in minor respects in 1870 and recodified in 1874, but its basic coverage did not c"
context fixed it,r553177-0,CTRL_RAND,ca2,1990,DECIDED,DECIDED,whether section saves the Diffley’s cause of action,"ical note). *425 In short, we conclude that New York courts would reject Allied-Signal’s argument that the Toxic Tort Revival Statute precludes any further extension of the limitations period under § 205(a) in this case. We therefore must determine [[whether]] that section saves the Diffley’s cause of action. B. Section 205(a) Saves This Action. The Diffleys’ action fits squarely into the requirements of § 205(a), quoted above. First, the Diffleys’ initial action against Bendix was timely commenced. It was brought on July 15, 1987, w"
context fixed it,c9435356-1,CTRL_HOLD,scotus,2009,DECIDED,DECIDED,"whether the withheld documents were not material to the question whether Cone committed murder with the requisite mental state, the lower courts failed to adequately consider whether that same evidenc","istrict Court and the Court of Appeals passed briefly on the merits of Cone’s claim, neither court distinguished the materiality of the suppressed evidence with respect to Cone’s guilt from the materiality of the evidence with respect to his punishment. While [[we agree]] that the withheld documents were not material to the question whether Cone committed murder with the requisite mental state, the lower courts failed to adequately consider whether that same evidence was material to Cone’s sentence. Therefore, we vacate the decision of the Court of Appeals and reman"
context fixed it,r145835-0,CTRL_RAND,scotus,2008,DECIDED,DECIDED,this electoral system violates the First Amendment rights of prospective party candidates,"r Respondents. Justice SCALIA delivered the opinion of the Court. The State of New York requires that political parties select their nominees for Supreme Court Justice at a convention of delegates chosen by party members in a primary election. We consider [[whether]] this electoral system violates the First Amendment rights of prospective party candidates. I A The Supreme Court of New York is the State's trial court of general jurisdiction, with an Appellate Division that hears appeals from certain lower courts. See N.Y. Const., Art. VI, §§ 7, 8. Un"
context fixed it,1550847-0,PLAIN,ca4,1940,DECIDED,UNRESOLVED,whether the applicability of § 203(b) (3) upon which the Commissioner now relies,"h. It should be noticed first that the principle of res adjudicata may not be invoked because the parties before the court at this time are not the same as those who were in the former case. Moreover, our prior decision was limited to a single point, and we [[expressed no opinion]] as to the applicability of § 203(b) (3) upon which the Commissioner now relies. In the former case the argument of the parties was directed and limited to § 203 (b) (4) and § 204(a) (8). § 203(b) (4) is as follows: ""No gain or loss shall be recognized if property is transferred to a corporation by"
context fixed it,c75268-0,CTRL_HOLD,ca11,2001,DECIDED,DECIDED,"whether the uncorrected, allegedly perjurious","tional instance of alleged perjury would have been of minimal significance in the jury’s assessment of Williams’ credibility, and certainly not enough to raise the reasonable possibility of a different verdict. See Hays, 85 F.3d at 1498. Therefore, because [[we find]] that the uncorrected, allegedly perjurious statements do not “undermine confidence in the verdict,” Strickler, 527 U.S. at 290, 119 S. Ct. at 1952 (quoting Kyles, 514 U.S. at 435, 115 S. Ct. at 1566), we 9 reject Dickerson’s Giglio challenge. Cf. Strickler. 527 U.S. at 289-92, 119 S. Ct. at 1"
context fixed it,286579-1,H2,ca1,1969,DECIDED,UNRESOLVED,"whether it was error to submit 'specific questions of fact' to be answered by a jury in a criminal case, held that the court's submission in that particular instance over the defendants' objection had","S.Ct. 874, 91 L.Ed. 1145; Cramer v. United States, 1945, 325 U.S. 1, 36 n. 45, 65 S.Ct. 918, 89 L.Ed. 1441 41A Since the release of this opinion our attention has been called to the case of Commonwealth v. Bartholomew, 1950, 326 Mass. 218. There the court, [[without deciding]] whether it was error to submit 'specific questions of fact' to be answered by a jury in a criminal case, held that the court's submission in that particular instance over the defendants' objection had not been prejudicial. In passing we will say that this was a finding more easily reached there tha"
context fixed it,r470060-0,CTRL_RAND,ca9,1986,DECIDED,DECIDED,a reinsurer such as Oxford must include in income under 26 U.S.C. § 809(c) (1970) an amount equal to the reserve liability assumed on the transferred policies,"ounterclaim for 1974. DISCUSSION The three issues involved in this case arise under the Life Insurance Company Income Tax Act of 1959, Pub.L. No. 86-69, 73 Stat. 112, as set forth in sections 801 through 820 of Title 26. The crucial issue is [[whether]] a reinsurer such as Oxford must include in income under 26 U.S.C. § 809(c) (1970) an amount equal to the reserve liability assumed on the transferred policies. If we find Oxford is required to include this amount in income, we must then determine whether the excess of the reserve liability over the"
context fixed it,526162-0,PLAIN,ca10,1989,DECIDED,UNRESOLVED,in the state courts by compliance with a state procedural rule for contemporaneous objections to jury instructions,"the claims relating to references to mug shots and “object focus” were preserved by Nieto. The Engle case is inapposite. There the issue was whether the petitioners could proceed with their federal habeas proceeding when they failed to raise and p [[reserve their constitutional issue]] in the state courts by compliance with a state procedural rule for contemporaneous objections to jury instructions. Id. at 124-125, 102 S.Ct. at 1570. Here the State relies on Engle to argue that Nieto failed to preserve the issues for federal habeas review by failing to assert contempo"
context fixed it,6496267-0,H2,ca10,2022,DECIDED,UNRESOLVED,"for appeal, a party must “alert[] the district court","and underdeveloped terms—especially compared to its briefing on its lost profits damages and unjust enrichment theories. Providing generic and underdeveloped theories before us in written briefing does not preserve such theories and argumentation. To p [[reserve an issue]] for appeal, a party must “alert[] the district court to the issue and seek[] a ruling”—“[a] party does not preserve an issue merely by . . . presenting [it] to the district court in a ‘vague and ambiguous’ manner,” or “by making a ‘fleeting contention’ before the district court.” U.S. Aviatio"
context fixed it,4283538-0,H1,ca11,2018,DECIDED,UNRESOLVED,"the claimant’s] third argument, that the ALJ should not have relied on the testimony of a vocational expert, because he did not raise it before the administrative agency or the district court","orm light work. 1 1 Adderly has waived his argument that the ALJ should not have relied on a vocational expert’s testimony because he did not properly raise that argument in the district court. See Kelley v. Apfel, 185 F.3d 1211, 1215 (11th Cir. 1999) (“We [[do not reach]] [the claimant’s] third argument, that the ALJ should not have relied on the testimony of a vocational expert, because he did not raise it before the administrative agency or the district court.”); In re Pan Am. World Airways, Inc., Maternity Leave Practices & Flight Attendant Weight Program Litig.,"
context fixed it,4675313-0,H2,ca11,2021,DECIDED,UNRESOLVED,whether Winn-Dixie’s website is a public,"nch trial, the district court entered judgment in favor of Gil, finding that Winn-Dixie had violated Gil’s rights under Title III of the ADA. Gil v. Winn-Dixie Stores, Inc., 257 F. Supp. 3d 1340 (S.D. Fla. 2017). Specifically, the court noted again that it [[need not decide]] whether Winn-Dixie’s website is a public accommodation “in and of itself,” because the website is “heavily integrated” with Winn-Dixie’s physical stores—so much so that it “operates as a gateway to the 5 All of Gil’s pleadings leading up to trial focused solely on his inability to access the pr"
context fixed it,r4664546-0,CTRL_RAND,ca11,2021,DECIDED,DECIDED,"MCP’s $20,000 offer of judgment—made early","post-trial motion for equitable relief and her motion for attorney’s fees. On appeal, we vacated in part the grant of equitable relief. Having modified the equitable relief, we also remanded the award of attorney’s fees for the district court to determine [[whether]] MCP’s $20,000 offer of judgment—made early in the litigation—was more favorable than the remaining relief. If so, Furcron would not be entitled to attorney’s fees. The district court again awarded attorney’s fees, holding that Furcron had obtained an outcome that was more favorable than the off"
context fixed it,r11172532-0,CTRL_RAND,ca6,2025,DECIDED,DECIDED,"those allegations moved Bozzo’s claims across the line from possible to plausible, thereby surviving dismissal","ting Eng’rs’ Loc. 324 Fringe Benefit Funds v. Rieth-Riley Constr. Co., 43 F.4th 617, 621 (6th Cir. 2022). We take as true Bozzo’s well-pleaded factual allegations as well as any reasonable inferences derived from those allegations. Having done so, we then ask [[whether]] those allegations moved Bozzo’s claims across the line from possible to plausible, thereby surviving dismissal. Forman v. TriHealth, Inc., 40 F.4th 443, 448 (6th Cir. 2022) (quoting Bell Atl. Corp. v. Twombly, 550 U.S. 544, 570 (2007)). A. Start with the threshold statute of limitations question."
context fixed it,438815-0,H1,ca5,1984,UNRESOLVED,UNRESOLVED,"whether the stipulation required the district court to award the full $7,500 fee amount to Mrs","ng party. Id. at 1288. This statement was dictum, however, as the court in Adams affirmed the district court's denial of attorneys' fees. The test for determining prevailing party status was not at issue 13 Because of our resolution of this issue, we [[need not decide]] whether the stipulation required the district court to award the full $7,500 fee amount to Mrs. Uviedo or whether the court should rather have apportioned the award according to Hensley. Steves does not challenge the amply supported determination of the magistrate that Steves is not entitled to att"
context fixed it,391083-1,H2,ca5,1981,DECIDED,UNRESOLVED,"of creditor liability, that claim, along with the claim of assignee liability, was necessarily submitted for judgment on the facts as they were then established","dgment for the Bank. 6 Plaintiffs argue that summary judgment was sought on a distinct theory of liability, that of assignee liability, reserving by implication the issue of the Bank's liability as an original creditor. The Bank argues that, by not explicitly [[reserving the issue]] of creditor liability, that claim, along with the claim of assignee liability, was necessarily submitted for judgment on the facts as they were then established. Both parties look to the letter in support of their position, although both sides find it necessary to add words to the letter in order t"
context fixed it,547499-1,H2,ca5,1990,UNRESOLVED,UNRESOLVED,whether subject matter jurisdiction dispositive,"ate the judgment of the trial court, with directions that it remand the case to the state courts. See Warren G. Kleban Eng’g Corp. v. Caldwell, 490 F.2d 800, 803 n. 2 (5th Cir.1974). Finding the issue of subject matter jurisdiction dispositive, we [[do not reach]] Mr. Ziegler’s contention that the trial court erred by refusing to consider his motion for remand. We do note, however, that considering a motion to remand is both procedurally and substantively different from inquiring into the existence of subject matter jurisdiction. Procedurally, a court may co"
context fixed it,3178413-2,H1,ca5,2016,UNRESOLVED,UNRESOLVED,whether on remand the case should be assigned to a new judge,"gh Aguirre-Alva is not ""controlling precedent,” it “may be [cited as] persuasive authority.” Ballard v. Burton, 444 F.3d 391, 401 n. 7 (5th Cir.2006) (citing 5th Cir. R. 47.5.4). 6 . Because we affirm the district court’s sentence, we [[need not reach]] Lorenzo-Zepeta’s second issue on appeal—whether on remand the case should be assigned to a new judge."
context fixed it,c8409454-1,CTRL_HOLD,ca5,2005,DECIDED,DECIDED,"in dismissing their complaint for want of standing under ERISA § 502(a)(2), which confers standing on plan participants to bring private causes of action to seek “appropriate relief’ under ERISA § 409","e only other references the complaint makes to Towers Perrin’s status are conclusional allegations that it acted as a fiduciary. 7 Such allegations are insuffi-dent to allow this daim to survive a rule 12(b)(6) motion to dismiss. 8 IV. Plaintiffs contend [[the district court erred]] in dismissing their complaint for want of standing under ERISA § 502(a)(2), which confers standing on plan participants to bring private causes of action to seek “appropriate relief’ under ERISA § 409. That section subjects plan fiduciaries to liability for breaches of duty, 9 providing that a fidu"
context fixed it,668213-0,H2,cadc,1994,UNRESOLVED,UNRESOLVED,whether the deed of trust is in default as to the payment of interest,"Garage property. The rentals were turned over to O. Roy Chalk on a $7,000,000.00 deed of trust on the garage property (Claire Chalk, trustee), which deed of trust Mr. Chalk alleges is in default as to the payment of interest. 2 For purposes of this opinion we [[assume without deciding]] that the deed of trust is in default as to the payment of interest. The deed of trust was part of a loan and payback arrangement between O. Roy Chalk and Transit in which contributions were made to Transit by Mr. Chalk, chairman of Transit, when Transit was facing insolvency due primarily to an upc"
context broke it,204313-0,H1,ca9,2011,UNRESOLVED,UNRESOLVED,whether Levi Strauss also had two factors acquired distinctiveness and degree of recognitionthat weighed in its favor,"relevant factors convinces us that application of the incorrect standard affected its dilution determination. According to the district court, degree of similarity was only one of three factors that weighed in Abercrombie's favor. The district court assumed, [[without deciding]] , that Levi Strauss also had two factors acquired distinctiveness and degree of recognitionthat weighed in its favor. Thus, application of the correct, less-demanding standard could have tipped the balance in favor of Levi Strauss. The degree of similarity between the Ruehl and Arcuate marks may b"
context broke it,489301-1,H1,ca6,1987,UNRESOLVED,UNRESOLVED,"the degree of negligence, if any at all, that must be attributable to ""any person or persons [who] ... alter, deface, destroy, move, injure, ... or in any manner whatever impair the usefulness of ...""","controversy is not joined by the facts of this appeal since the district court assessed 50% of the liability proximately contributing to the damage of the upstream lift gate of the Wilson Lock to both Chotin and the government. Accordingly, this en banc court [[does not consider or decide]] the degree of negligence, if any at all, that must be attributable to ""any person or persons [who] ... alter, deface, destroy, move, injure, ... or in any manner whatever impair the usefulness of ..."" any improvement made by the United States to any of its navigable waters in violation of Secs. 408"
context broke it,8408247-0,H1,ca9,2003,UNRESOLVED,UNRESOLVED,"two further arguments raised by EPA: first, that municipalities do not receive full First Amendment protections, under Muir v","erators of small MS4s may avoid stormwater regulation entirely by electing not to discharge stormwa-ter into federal waters in the first place. In light of our holding with regard to the Alternative Permit option, we do not consider these arguments. .We [[decline to address]] two further arguments raised by EPA: first, that municipalities do not receive full First Amendment protections, under Muir v. Alabama Educational Television Commission, 688 F.2d 1033, 1038 n. 12 (5th Cir.1982) (en banc) (""Government expression, being unprotected by the First Amendment, may be subj"
context broke it,6930225-0,PLAIN,ca7,1994,UNRESOLVED,UNRESOLVED,whether Article III of the Constitution permits a federal court to entertain a qui tam suit brought by someone whose only stake in the suit is the bounty,"81 is a “qui tam” or, less politely, a bounty hunter’s statute: it authorizes any person to sue to declare an Indian contract void and if he succeeds to be rewarded with half the money that the contractor had received under the contract. There is a question, [[unnecessary to decide]] in this case, whether Article III of the Constitution permits a federal court to entertain a qui tam suit brought by someone whose only stake in the suit is the bounty. It is one thing for Congress to offer bounties to law enforcers; that is little different from having salaried police and prosecut"
context broke it,c772670-0,CTRL_HOLD,ca2,2001,DECIDED,DECIDED,"Cox’s sentence and remand to the District Court for (1) further fact-finding concerning the precise circumstances surrounding Cox’s guilty plea to the 1999 state drug charges, including the role of co","ineffective assistance by permitting him to plead guilty to state court charges shortly after he had entered his federal guilty plea, but before his federal sentencing, given the federal sentencing consequences of doing so. For the reasons that follow, [[we vacate]] Cox’s sentence and remand to the District Court for (1) further fact-finding concerning the precise circumstances surrounding Cox’s guilty plea to the 1999 state drug charges, including the role of counsel in advising him to do so, and the subsequent dismissal of that conviction by the state court,"
context broke it,623899-0,PLAIN,ca9,2012,UNRESOLVED,UNRESOLVED,whether Baylis exhausted his claims,"provided by 9th Cir. R. 36-3. ** The panel unanimously concludes this case is suitable for decision without oral argument. See Fed. R. App. P. 34(a)(2). counsel of his choosing. We have jurisdiction under 28 U.S.C. §§ 1291 and 2253, and we affirm. 1. We [[assume without deciding]] that Baylis exhausted his claims and that his arguments are not waived. See 28 U.S.C. § 2254(b)(2). 2. The state court’s decision to deny Baylis’ motion for substitution of counsel was neither contrary to nor involved an unreasonable application of clearly established federal law. See 28 U.S.C"
context broke it,6838739-0,H1,ca7,1928,UNRESOLVED,UNRESOLVED,"Whether those things amounted to invention, it is","eels were introduced to synchronize the movement of the posts 10. The adjustment in B, to permit the use of different sized can ends, is made by the use of slots in the separated ends of the divider appliance. Whether those things amounted to invention, it is [[not necessary to decide]] . The use of the serew posts was old before Hedstrom, and such use was familiar to him. We are of opinion that B is a mere improvement of A within the meaning of the assignment. It is not as wide a departure from A, as is the device described in the instrument of assignment as an improvement of A,"
context broke it,8961628-0,H1,cafc,1988,UNRESOLVED,UNRESOLVED,whether latter analysis,"ra note 1. For convenience, we refer only to Calco in this portion of the opinion. . The district court found literal infringement and infringement under the doctrine of equivalents. In view of our agreement with its findings of literal infringement, we [[need not reach]] that latter analysis. . Direct infringement is a prerequisite to finding induced infringement. See, e.g., Met-Coil Sys. Corp. v. Komers Unlimited, Inc., 803 F.2d 684, 687, 231 USPQ 474, 477 (Fed.Cir.1986). . Federal statutes provide very narrow grounds for relief from unfair competition"
context broke it,1019880-0,PLAIN,ca4,2006,UNRESOLVED,UNRESOLVED,whether qualified immunity discussed by the district court,"years before his termination) and suggested the K.-9 program in 2002 (one year before his termination). These events are simply too far removed from his termination to raise a genuine issue of material fact concerning causation. 5 . We therefore [[need not reach]] the issue of qualified immunity discussed by the district court. 6 . See Johnson v. Hugo’s Skateway, 974 F.2d 1408, 1416 n. 7 (4th Cir.1992) (a federal court is required to apply state law to pendent state claims brought with § 1983 claims). 7 . As the district court"
context broke it,774800-5,H1,ca3,1992,UNRESOLVED,UNRESOLVED,whether the deference that courts owe to fee scales negotiated by a properly-selected lead plaintiff would mandate deference to that plaintiffs decision to employ a rising-percentage fee scale in a pa,"case); 2001 Task Force Proceedings, Statement of Samuel Issacharoff, at 7, available at http://www.ca3.uscourts.gov/classcounsel/Wit-nessStatements/samissac.pdf (arguing that a decreasing percentage scale simply gives counsel an incentive to settle cheap). We [[need not decide]] at this time whether the deference that courts owe to fee scales negotiated by a properly-selected lead plaintiff would mandate deference to that plaintiffs decision to employ a rising-percentage fee scale in a particular case. 56 . In re Cendant Corp. PRIDES Litig., 243 F.3d 722"
context broke it,8882596-0,H2,ca2,1970,UNRESOLVED,UNRESOLVED,"whether the propriety of even these statements when made by someone in White’s position, but they clearly fall within the intent of Rule 10b-5 when they are buttressed by purportedly factual assertion","ution of unregistered shares on the basis of false and misleading assertions *80 and, more importantly, omissions of material adverse facts about the corporation. It may be one thing to say to a friend that a particular stock is a good speculation although we [[express no opinion]] on the propriety of even these statements when made by someone in White’s position, but they clearly fall within the intent of Rule 10b-5 when they are buttressed by purportedly factual assertions about the prospects of the company which are materially false and misleading in content or omission, t"
context broke it,9001894-2,H1,ca11,1992,UNRESOLVED,UNRESOLVED,whether the merits of any of Burrell’s claims,"ll be unavailable to those who do not raise it, see Moore v. Morgan, 922 F.2d 1553, 1557 (11th Cir.1991), we will not disturb the district court's determination that Goldstein and Baggarly met their burden of pleading in this case. .We emphasize that we [[express no opinion]] about the merits of any of Burrell’s claims. We merely review the district court's denial of qualified immunity. See infra notes 9 and 18. . It is not entirely clear from the record whether Baggarly would be authorized to rehire Bur-rell without obtaining the approval of First Federal's board"
context broke it,1388013-2,PLAIN,cafc,2009,UNRESOLVED,UNRESOLVED,whether the USPTO may impose a limit on the number of claims an applicant can pursue because we do not find that the ESD requirement creates any such limit,"allowed reasonable latitude in stating their claims in regard to number and phraseology employed. The right of applicants to freedom of choice in selecting phraseology which truly points out and defines their inventions should not be abridged.""). However, we [[need not decide]] whether the USPTO may impose a limit on the number of claims an applicant can pursue because we do not find that the ESD requirement creates any such limit. Rather, it simply requires that an ESD be submitted if more than five independent or twenty-five total claims are included in certain sets of"
context broke it,2975900-0,PLAIN,ca6,2007,UNRESOLVED,UNRESOLVED,"for present purposes, it suffices to say that the two cases do not require courts to allow juries to second guess those decisions or decide them in the first instance","the resolution of disputed facts upon which the voluntariness issue may depend.” Id. at 391. Whether Haynes and Jackson still allow a jury to consider factual issues bearing on constitutional questions after the judge has ruled on the question is a matter we [[need not decide]] ; for present purposes, it suffices to say that the two cases do not require courts to allow juries to second guess those decisions or decide them in the first instance. It is worth emphasizing the reach of Stuart’s rule: He is not saying that courts may present juries with factual questions bearin"
context broke it,1023355-0,H2,ca4,2007,UNRESOLVED,UNRESOLVED,"whether Arroyo-Benitez properly waived his right to have a grand jury amend the indictment, however, because Arroyo-Benitez at a minimum forfeited his Fifth Amendment claim by failing to object to the","“the grand jury right can be waived.” United States v. Cotton, 535 U.S. 625, 630, 122 S.Ct. 1781, 152 L.Ed.2d 860 (2002) (citing Fed. R.Crim. Proc. 7(b); Smith v. United States, 360 U.S. 1, 6, 79 S.Ct. 991, 3 L.Ed.2d 1041 (1959)). 1 We [[need not here decide]] whether Arroyo-Benitez properly waived his right to have a grand jury amend the indictment, however, because Arroyo-Benitez at a minimum forfeited his Fifth Amendment claim by failing to object to the amended indictment, and so must show plain error, which he fails to do. See United States v. Ol"
context broke it,934741-0,H1,ca10,2013,UNRESOLVED,UNRESOLVED,the issue because it is raised only in a footnote and was not raised in the district court,"unclear as to whether the marijuana included stems and stalks which should have been excluded from the net weight. See 21 U.S.C. § 802(16) (defining marijuana for purposes of the Controlled Substances Act as not including “the mature stalks” of the plant). We [[decline to address]] the issue because it is raised only in a footnote and was not raised in the district court. See United States v. Hardman, 297 F.3d 1116, 1131 (10th Cir. 2002) (en banc) (“Arguments raised in a perfunctory manner, such as in a footnote, are waived.”); see also United States v. Mora, 293 F.3d 1213, 1"
context broke it,512429-0,PLAIN,ca8,1988,UNRESOLVED,UNRESOLVED,whether a party may revoke its Rule 68 offer of judgment. 6,"the contrary. 14 Because Amoco intended to include attorney fees in its November 18 offer of $525,000, its November 19 offer did not constitute a modification or, as a result, a revocation of the earlier offer, 4 but only a clarification. 5 Thus, we [[need not reach]] the issue the District Court addressed of whether a party may revoke its Rule 68 offer of judgment. 6 15 Assuming arguendo that Rule 68 prohibits the revocation of an offer of judgment, we believe that courts should be hesitant to characterize as revocations offeror communications that cl"
context broke it,148155-1,PLAIN,ca11,2010,UNRESOLVED,UNRESOLVED,whether a defendant has a duty to investigate the necessary jurisdictional facts within the first thirty days of receiving an indeterminate complaint,"court, cannot be what Congress had in mind when it enacted § 1446.23 3. Summary To summarize, Lowery is a case in which the removal arose under the second paragraph of 28 U.S.C. § 1446(b). While some of the language in the 23 We need not decide, and [[do not purport to decide]] , whether a defendant has a duty to investigate the necessary jurisdictional facts within the first thirty days of receiving an indeterminate complaint. District courts in our circuit are split on this issue. Compare, e.g., Kuhn v. Brunswick Corp., 871 F. Supp. 1444, 1446 (N.D. Ga. 1994); and Richma"
context broke it,205784-0,PLAIN,ca2,2011,UNRESOLVED,UNRESOLVED,"whether allegations of emotional and psychological harm would *647 establish compensable injury in a First Amendment retaliation claim. [9] Zherka did allege both, but in a most cursory fashion","ified, the claim may proceed. Allegations of loss of business or some other tangible injury as a result of a defendant's statements would suffice to establish concrete harm. But the presumed injury of New York's theory of per se defamation is inadequate. We [[need not decide]] if allegations of emotional and psychological harm would *647 establish compensable injury in a First Amendment retaliation claim. [9] Zherka did allege both, but in a most cursory fashion. As pleaded, the allegations are insufficient to establish facial plausibility under the standard set by Bell"
context broke it,167373-0,H1,ca10,2006,UNRESOLVED,UNRESOLVED,whether the regulations of the trucking industry in Kansas performed the two basic functions of a warrant” as Burger requires,"dustry and that the Kansas regulatory *1245 scheme applicable to those motor carriers properly permits state troopers to stop commercial vehicles randomly for inspection. See United States v. Burch, 153 F.3d 1140, 1142 (10th Cir.1998) (“assum[ing] [[without deciding]] that the regulations of the trucking industry in Kansas performed the two basic functions of a warrant” as Burger requires); Seslar, 996 F.2d at 1063 n. 3 (“assum[ing], without holding, that Kansas closely regulates the motor carrier industry and that the Kansas regulatory scheme satisf"
context broke it,c78053-0,CTRL_HOLD,ca11,2008,DECIDED,DECIDED,our prior Opinion and substitute the following revised Opinion in its place,"the Appellee's timely petition for rehearing en banc requesting that we reconsider our previous Opinion dated June 26, 2007, published at 490 F.3d 820, reversing the judgment of the District Court and remanding the case. Upon reconsideration of that Opinion, [[we vacate]] our prior Opinion and substitute the following revised Opinion in its place. The issue before the Court is whether the District Court erred when it refused to vacate a Florida state court's order enjoining Appellant Tampa Sports Authority's (the ""Authority"") policy of conducting patdown searches"
context broke it,9806863-0,PLAIN,ca11,2015,UNRESOLVED,UNRESOLVED,"a decision on that question, however, to decide this case, which comes to us on appeal from a bench trial","sdiction as a result. We have jurisdiction over the appeal pursuant to 28 U.S.C. § 1291. . The parties dispute whether a material-misrepresentation claim under the doctrine of uberrimae fidei must be pleaded with particularity. See Fed.R.Civ.P. 9(b). We [[need not reach]] a decision on that question, however, to decide this case, which comes to us on appeal from a bench trial. . The parties have stipulated that O’Neill paid $225,000 to fund the repairs recommended by the Price survey report. . The District Court heard the following exchange at trial betw"
context broke it,217666-7,H2,ca1,2011,UNRESOLVED,UNRESOLVED,"whether the district court was correct in finding that the August 2009 revisions to VOAW's websites ""at least theoretically increased"" the likelihood of confusion in the U.S. market, Voice of the Arab","show significant negotiations after 2006. Accordingly, we find that Medical News Now's business dealings with VOAW (particularly, the banner rental in 2005 and 2006), combined with its delay in seeking injunctive relief, indicate acquiescence. Furthermore, [[assuming without deciding]] that the district court was correct in finding that the August 2009 revisions to VOAW's websites ""at least theoretically increased"" the likelihood of confusion in the U.S. market, see Voice of the Arab World, Inc., 2010 WL 661048, at *3, 2010 U.S. Dist. LEXIS 16981, at *10, we find, as further expl"
context broke it,380955-0,H1,ca1,1980,UNRESOLVED,UNRESOLVED,whether the distinction between a complete and partial closing recognized in Textile Workers is significant in a mandatory bargaining case,"employer to bargain concerning a purely business decision to terminate his enterprise. Cf. Fibreboard Paper Products Corp. v. Labor Board, 379 U.S. 203, 85 S.Ct. 398, 13 L.Ed.2d 233."" Id. at 267 n. 5, 85 S.Ct. at 998. Since the issue is not before us, we [[express no opinion]] as to whether the distinction between a complete and partial closing recognized in Textile Workers is significant in a mandatory bargaining case. 7 The dissent maintains that despite our purported rejection of a per se rule favoring the imposition of the duty to bargain, in effect one has"
context broke it,8463040-0,PLAIN,ca9,2009,UNRESOLVED,UNRESOLVED,this contention because he raises it for the first time in his opening brief,".S.C. § 2254(d)(1); see also Strickland v. Washington, 466 U.S. 668, 694, 104 S.Ct. 2052, 80 L.Ed.2d 674 (1984). Dietrich also contends that his attorney should have done more to combat pressure placed on him to plead guilty by his fellow church members. We [[decline to address]] this contention because he raises it for the first time in his opening brief. See Allen v. Ornoski, 435 F.3d 946, 960 (9th Cir.2006). AFFIRMED. This disposition is not appropriate for publication and is not precedent except as provided by 9th Cir. R. 36-3."
context broke it,r781807-0,CTRL_RAND,ca9,2003,DECIDED,DECIDED,"a bankruptcy court's decision is final, under 28 U.S.C. § 158(d) is a question of law reviewed de novo","e to the BAP and order the BAP to consider the appeal on the merits. The City contends that this court is without jurisdiction. STANDARDS OF REVIEW 10 We review our own jurisdiction de novo. Miller v. Commissioner, 310 F.3d 640, 642 (9th Cir.2002). [[Whether]] a bankruptcy court's decision is final, under 28 U.S.C. § 158(d) is a question of law reviewed de novo. Alexander v. Compton (In re Bonham), 229 F.3d 750, 760-61 (9th Cir.2000). WAIVER 11 The City argues that Silver Sage waived the argument that the bankruptcy court's denial of the motio"
context broke it,1479136-0,PLAIN,ca1,1936,UNRESOLVED,UNRESOLVED,"the case on that ground, that there is an allegation in each complaint which may be inconsistent with its right to invoke the aid of a court of equity, viz","d by the Berry Company for the purpose of removing them from the jurisdiction of the court and compel *859 the plaintiffs to resort to a foreign judgment for satisfaction. It may be noted in passing, however, though no point is made of it in argument and we [[do not decide]] the case on that ground, that there is an allegation in each complaint which may be inconsistent with its right to invoke the aid of a court of equity, viz.: That the plaintiffs were, when injured, lawfully on property owned by and under the control of the defendant situated in the town of Tiverton"
context broke it,2972176-1,PLAIN,ca6,2005,UNRESOLVED,UNRESOLVED,whether the general propriety of disclosing jury-room notes to counsel. 11 The parties devote substantial space to Anderson v,"mere effort to inform the parties of the minimum damages that would have survived a new-trial motion, based on the evidence presented in Trial No. 2, did not require recusal. 10 As no party asserts that the district judge’s action was actually improper, we [[express no opinion]] on the general propriety of disclosing jury-room notes to counsel. 11 The parties devote substantial space to Anderson v. Sheppard, 856 F.2d 741 (6th Cir. 1988), an earlier recusal case. However, as the extreme and extensive comments in Anderson were wholly different from those involved here, And"
context broke it,3050062-0,PLAIN,ca9,2007,UNRESOLVED,UNRESOLVED,whether the claim that the resource management plan will adversely affect Indian cul- tural resources,"nmental impact statement was inadequate because it only superficially examined the sociological and cultural effect of coal bed methane develop- ment on the tribe. We review these claims de novo, because the district court granted summary judgment.32 [7] We [[need not reach]] the merits of the claim that the resource management plan will adversely affect Indian cul- tural resources. Neither the plan nor the partial injunction can affect any Indian cultural resources, because no actual devel- erly considered the usual equitable factors and imposed “interim mea- sures” a"
context broke it,772187-0,H1,ca2,2001,UNRESOLVED,UNRESOLVED,whether a different balancing of the relevant interests would not also be permissible,"e union to demonstrate continued support, is a complicated matter of federal labor relations policy. Given the Board's authority and expertise in this area, as well as relevant case law, we have no basis for disturbing its current approach to this problem. We [[express no opinion]] as to whether a different balancing of the relevant interests would not also be permissible. 10 In view of this authority, we find unpersuasive respondent's reliance on two other Board decisions, both over twenty-five years old, declining to find successorship in circumstances that were, i"
context broke it,3032287-0,H2,ca9,2005,UNRESOLVED,UNRESOLVED,"whether Scott engaged in the unauthorized practice of law, whether the unauthorized practice of law itself is a violation of § 110, or whether the unauthorized practice of law constitutes fraudu- lent","constitutionally vague or overbroad and that it does not violate the First Amendment. Finally, we affirm the bank- ruptcy court’s findings that Judith Scott violated § 110 by engaging in deceptive or unfair conduct and by charging excessive fees.2 However, we [[express no opinion]] on whether Scott engaged in the unauthorized practice of law, whether the unauthorized practice of law itself is a violation of § 110, or whether the unauthorized practice of law constitutes fraudu- lent, deceptive or unfair conduct under § 110. I BACKGROUND A. Facts Appellant Judith Scott"
context broke it,3033696-0,H1,ca8,2004,UNRESOLVED,UNRESOLVED,whether the district court properly decided that Xcel’s claims against Commissioner Tinklenberg violated the Eleventh Amendment under the reasoning of Penn *1058 hurst v,"e Franchise Agreement. As discussed above, however, the district court correctly found that § 7 does not provide for compensation under these circumstances.' Thus, there was no unconstitutional taking. F. Commissioner Tinklenberg Finally, it is [[not necessary to reach]] the issue of whether the district court properly decided that Xcel’s claims against Commissioner Tinklenberg violated the Eleventh Amendment under the reasoning of Penn *1058 hurst v. Halderman, 465 U.S. 89, 104 S.Ct. 900, 79 L.Ed.2d 67 (1984). Analysis of whether Tinklenberg was a"
context broke it,495062-0,H2,ca3,1987,UNRESOLVED,UNRESOLVED,"the question, it appears that Excelsior may have waived the contention that expansion from freezing constitutes water damage by not raising it until closing argument","mative defense, not a theory of the Ereolanis’ recovery. Thus the burden of establishing facts within the exclusion rested with Excelsior and it could not therefore have been prejudiced by a late assertion of the Ercolanis’ legal position. Indeed, although we [[do not decide]] the question, it appears that Excelsior may have waived the contention that expansion from freezing constitutes water damage by not raising it until closing argument. Throughout the trial, Excelsior contended that the collapse was caused by “hydrostatic pressure,” and thus fell within exclusi"
context broke it,203886-1,H2,ca1,2009,UNRESOLVED,UNRESOLVED,whether Santiago was unfairly prejudiced by the newspaper piece and the incident involving his wife; whether,"interrupt and delay trial proceedings, and consequently we hold that neither defendants' constitutional nor their statutory rights under the Speedy Trial Act were offended here. [9] Because we are remanding for a new trial on the juror misconduct issue, we [[need not reach]] whether Santiago was unfairly prejudiced by the newspaper piece and the incident involving his wife; whether the district court erred in denying Oliveras's request for a jury instruction on the defense of public authority; and whether it committed an error in sentencing Bristol. III. Conclusio"
context broke it,317141-0,PLAIN,ca9,1974,UNRESOLVED,UNRESOLVED,whether Rule 60(b) provides an independent and adequate basis for reopening the record under the facts of this case,"permit the trial judge to rule both on questions of fact and questions of law surrounding the 30-day letter. This quite obviously necessitated re-opening the record. Viewing our remand order as sufficiently broad to sustain the actions of the trial judge, we [[express no opinion]] on whether Rule 60(b) provides an independent and adequate basis for reopening the record under the facts of this case. (b) Timely filing with Commission The relevant portion of Section 706(d) of Title VII of the 1964 Civil Rights Act 2 provided that an unlawful employment prac"
context broke it,9433744-0,H1,scotus,1999,UNRESOLVED,UNRESOLVED,"whether, as a matter of law, the 1996 Act requires the FCC to apply that standard; it may be that some other standard would provide an equivalent or better criterion for the limitation upon network-el","251(d)(2) codifies something akin to the “essential facilities” doctrine of antitrust theory, see generally 3A P. Areeda & H. Hovenkamp, Antitrust Law ¶¶ 771-773 (1996), opening up only those “bottleneck” elements unavailable elsewhere in the marketplace. We [[need not decide]] whether, as a matter of law, the 1996 Act requires the FCC to apply that standard; it may be that some other standard would provide an equivalent or better criterion for the limitation upon network-element availability that the statute has in mind. But we do agree with the incumbents that the Act r"
context broke it,158241-0,H2,ca10,1999,UNRESOLVED,UNRESOLVED,"whether lodging, isolated from Keystone’s overall business, constitutes recreation within the meaning of § 213(b)(29","operations, see ApltApp. at 741-56, the contentions that lodging is not “recreation” and that Congress did not intend the FLSA’s recreational establishment exemption to extend to full-service resorts represent the crux of Plaintiffs’ challenge. We [[need not decide]] whether lodging, isolated from Keystone’s overall business, constitutes recreation within the meaning of § 213(b)(29). Rather, our inquiry centers on whether lodging and other services like restaurants and retail shops, viewed in the context of Keystone’s operations on or near national forest land,"
context broke it,606071-1,PLAIN,ca8,1993,UNRESOLVED,UNRESOLVED,whether the merits of the trial court's analysis of the obligations associated with that paragraph,"lieve that the language of the health care insurance contract is plain in this respect and, if interpreted in any other way, would be inexplicably duplicative. 11 We are not sure why the trial court focused exclusively on the second paragraph, and we [[express no opinion]] on the merits of the trial court's analysis of the obligations associated with that paragraph. We believe, however, that the first paragraph quoted above controls the resolution of this case. III. 12 It is undisputed that Kristin McIntosh is a ""Covered Person"" under the health care insur"
context broke it,770562-0,H1,ca7,2000,UNRESOLVED,UNRESOLVED,whether this constitutes an excessive fine or causes some other injury,",254.76, 51 F.3d 207, 211 (9th Cir. 1995) (""[T]he substitute assets provision of the criminal forfeiture statute is merely another mechanism for collecting a judgment against the defendant criminal . . . .""). Because Baker does not assign this as an error, we [[do not reach]] the question of whether this constitutes an excessive fine or causes some other injury. III. Conclusion 63 Because the indictment did not make the commission of acts of prostitution material to the money laundering and conspiracy counts, it is not ""plainly obvious"" that the indictment wa"
context broke it,201510-0,PLAIN,ca1,2005,UNRESOLVED,UNRESOLVED,"whether the motion to dismiss was late, the district court, by considering the motion to dismiss, at least implicitly excused its alleged tardiness and we would not find an abuse of discretion in its ","to excuse his own forfeiture in order to assert this waiver bar against the defendantappellee. Perry proffers no justifiable ground for his failure to allege untimeliness and waiver below. On plain error review, we refuse Perry’s request that we find waiver. [[Assuming without deciding]] that the motion to dismiss was late, the district court, by considering the motion to dismiss, at least implicitly excused its alleged tardiness and we would not find an abuse of discretion in its doing so."
